Identifier,Kit,Kit_ID,Primer1,Primer2,Label,comment
I0001,NextSeq_Mid150,Next001,KAM3732,KAM3748,R2E1_10 ml_unsel_s1,
I0002,NextSeq_Mid150,Next001,KAM3732,KAM3749,R2E1_10 ml_unsel_s2,
I0003,NextSeq_Mid150,Next001,KAM3733,KAM3748,R2E1_10 ml_AP1903_s1,
I0004,NextSeq_Mid150,Next001,KAM3733,KAM3749,R2E1_10 ml_AP1903_s2,
I0005,NextSeq_Mid150,Next001,KAM3734,KAM3748,R2E1_10 ml_Hyg_s1,
I0006,NextSeq_Mid150,Next001,KAM3732,KAM3750,R2E1_10 ml_Hyg_s2,
I0007,NextSeq_Mid150,Next001,KAM3733,KAM3750,R2E1_16 ml_unsel_s1,
I0008,NextSeq_Mid150,Next001,KAM3734,KAM3749,R2E1_16 ml_unsel_s2,
I0009,NextSeq_Mid150,Next001,KAM3734,KAM3750,R2E1_16 ml_AP1903_s1,
I0010,NextSeq_Mid150,Next001,KAM3735,KAM3748,R2E1_16 ml_AP1903_s2,
I0011,NextSeq_Mid150,Next001,KAM3732,KAM3800,R2E1_16 ml_Hyg_s1,
I0012,NextSeq_Mid150,Next001,KAM3735,KAM3800,R2E1_16 ml_Hyg_s2,
I0013,NextSeq_Mid150,Next001,KAM3735,KAM3750,R2E2_25 ml_unsel_s1,
I0014,NextSeq_Mid150,Next001,KAM3734,KAM3800,R2E2_25 ml_unsel_s2,
I0015,NextSeq_Mid150,Next001,KAM3733,KAM3800,R2E2_25 ml_AP1903_s1,
I0016,NextSeq_Mid150,Next001,KAM3735,KAM3749,R2E2_25 ml_AP1903_s2,
I0017,NextSeq_Mid150,Next001,KAM3736,KAM3748,R2E2_25 ml_Hyg_s1,
I0018,NextSeq_Mid150,Next001,KAM3732,KAM3801,R2E2_25 ml_Hyg_s2,
I0019,NextSeq_Mid150,Next001,KAM3736,KAM3801,"VSVG,24hrs,5ml_unsel_s1",
I0020,NextSeq_Mid150,Next001,KAM3735,KAM3801,"VSVG,24hrs,5ml_unsel_s2",
I0021,NextSeq_Mid150,Next001,KAM3736,KAM3800,VSVG_48hrs_5 ml_unsel_s1,
I0022,NextSeq_Mid150,Next001,KAM3734,KAM3801,VSVG_48hrs_5 ml_unsel_s2,
I0023,NextSeq_Mid150,Next001,KAM3736,KAM3750,VSVG_multiple_5 ml_unsel_s1,
I0024,NextSeq_Mid150,Next001,KAM3733,KAM3801,VSVG_multiple_5 ml_unsel_s2,
I0025,NextSeq_Mid150,Next001,KAM3736,KAM3749,SARS1_24hrs_25 ml_unsel_s1,
I0026,NextSeq_Mid150,Next001,KAM3737,KAM3748,SARS1_24hrs_25 ml_unsel_s2,
I0027,NextSeq_Mid150,Next001,KAM3732,KAM3802,SARS1_48hrs_25 ml_unsel_s1,
I0028,NextSeq_Mid150,Next001,KAM3733,KAM3802,SARS1_48hrs_25 ml_unsel_s2,
I0029,NextSeq_Mid150,Next001,KAM3737,KAM3749,SARS1_multiple_25 ml_unsel_s1,
I0030,NextSeq_Mid150,Next001,KAM3737,KAM3802,SARS1_multiple_25 ml_unsel_s2,
I0031,NextSeq_Mid150,Next001,KAM3734,KAM3802,SARS2_24hrs_25 ml_unsel_s1,
I0032,NextSeq_Mid150,Next001,KAM3737,KAM3750,SARS2_24hrs_25 ml_unsel_s2,
I0033,NextSeq_Mid150,Next001,KAM3735,KAM3802,SARS2_48hrs_25 ml_unsel_s1,
I0034,NextSeq_Mid150,Next001,KAM3736,KAM3802,SARS2_multiple_25 ml_unsel_s1,
I0035,NextSeq_Mid150,Next001,KAM3737,KAM3801,SARS2_multiple_25 ml_unsel_s2,
I0036,NextSeq_Mid150,Next001,KAM3738,KAM3748,VSVG_24hrs_5 ml_AP1903_s1,
I0037,NextSeq_Mid150,Next001,KAM3738,KAM3749,VSVG_24hrs_5 ml_AP1903_s2,
I0038,NextSeq_Mid150,Next001,KAM3738,KAM3750,VSVG_48hrs_5 ml_AP1903_s1,
I0039,NextSeq_Mid150,Next001,KAM3738,KAM3800,VSVG_48hrs_5 ml_AP1903_s2,
I0040,NextSeq_Mid150,Next001,KAM3738,KAM3801,VSVG_multiple_5 ml_AP1903_s1,
I0041,NextSeq_Mid150,Next001,KAM3738,KAM3802,VSVG_multiple_5 ml_AP1903_s2,
I0042,NextSeq_Mid150,Next001,KAM3739,KAM3748,SARS1_24hrs_25 ml_AP1903_s1,
I0043,NextSeq_Mid150,Next001,KAM3739,KAM3749,SARS1_24hrs_25 ml_AP1903_s2,
I0044,NextSeq_Mid150,Next001,KAM3739,KAM3750,SARS1_48hrs_25 ml_AP1903_s1,
I0045,NextSeq_Mid150,Next001,KAM3739,KAM3800,SARS1_48hrs_25 ml_AP1903_s2,
I0046,NextSeq_Mid150,Next001,KAM3739,KAM3801,SARS1_multiple_25 ml_AP1903_s1,
I0047,NextSeq_Mid150,Next001,KAM3739,KAM3802,SARS1_multiple_25 ml_AP1903_s2,
I0048,NextSeq_Mid150,Next001,KAM3740,KAM3748,SARS2_24hrs_25 ml_AP1903_s1,
I0049,NextSeq_Mid150,Next001,KAM3740,KAM3749,SARS2_24hrs_25 ml_AP1903_s2,
I0050,NextSeq_Mid150,Next001,KAM3740,KAM3750,SARS2_48hrs_25 ml_AP1903_s1,
I0051,NextSeq_Mid150,Next001,KAM3740,KAM3800,SARS2_48hrs_25 ml_AP1903_s2,
I0052,NextSeq_Mid150,Next001,KAM3740,KAM3801,SARS2_multiple_25 ml_AP1903_s1,
I0053,NextSeq_Mid150,Next001,KAM3740,KAM3802,SARS2_multiple_25 ml_AP1903_s2,
I0054,NextSeq_Mid150,Next001,KAM3741,KAM3748,VSVG_24hrs_5 ml_Hyg_s1,
I0055,NextSeq_Mid150,Next001,KAM3741,KAM3749,VSVG_24hrs_5 ml_Hyg_s2,
I0056,NextSeq_Mid150,Next001,KAM3741,KAM3750,VSVG_48hrs_5 ml_Hyg_s1,
I0057,NextSeq_Mid150,Next001,KAM3741,KAM3800,VSVG_48hrs_5 ml_Hyg_s2,
I0058,NextSeq_Mid150,Next001,KAM3741,KAM3801,VSVG_multiple_5 ml_Hyg_s1,
I0059,NextSeq_Mid150,Next001,KAM3741,KAM3802,VSVG_multiple_5 ml_Hyg_s2,
I0060,NextSeq_Mid150,Next001,KAM3742,KAM3748,SARS1_24hrs_25 ml_Hyg_s1,
I0061,NextSeq_Mid150,Next001,KAM3742,KAM3749,SARS1_24hrs_25 ml_Hyg_s2,
I0062,NextSeq_Mid150,Next001,KAM3742,KAM3750,SARS1_48hrs_25 ml_Hyg_s1,
I0063,NextSeq_Mid150,Next001,KAM3742,KAM3800,SARS1_48hrs_25 ml_Hyg_s2,
I0064,NextSeq_Mid150,Next001,KAM3742,KAM3802,SARS1_multiple_25 ml_Hyg_s1,
I0065,NextSeq_Mid150,Next001,KAM3742,KAM3801,SARS1_multiple_25 ml_Hyg_s2,
I0066,NextSeq_Mid150,Next001,KAM3743,KAM3748,SARS2_24hrs_25 ml_Hyg_s1,
I0067,NextSeq_Mid150,Next001,KAM3743,KAM3749,SARS2_24hrs_25 ml_Hyg_s2,
I0068,NextSeq_Mid150,Next001,KAM3743,KAM3750,SARS2_48hrs_25 ml_Hyg_s1,
I0069,NextSeq_Mid150,Next001,KAM3743,KAM3800,SARS2_48hrs_25 ml_Hyg_s2,
I0070,NextSeq_Mid150,Next001,KAM3743,KAM3801,SARS2_multiple_25 ml_Hyg_s1,
I0071,NextSeq_Mid150,Next001,KAM3743,KAM3802,SARS2_multiple_25 ml_Hyg_s2,
I0072,NextSeq_Mid150,Next001,KAM3734,KAM4041,ACE2_Kozak_IDT_Std_R2_Bin1 07-31-21_s1,sortseq_rep_1
I0073,NextSeq_Mid150,Next001,KAM3735,KAM4041,ACE2_Kozak_IDT_Std_R2_Bin1 07-31-21_s2,sortseq_rep_1
I0074,NextSeq_Mid150,Next001,KAM3736,KAM4041,ACE2_Kozak_IDT_Std_R2_Bin2 07-31-21_s1,sortseq_rep_1
I0075,NextSeq_Mid150,Next001,KAM3737,KAM4041,ACE2_Kozak_IDT_Std_R2_Bin2 07-31-21_s2,sortseq_rep_1
I0076,NextSeq_Mid150,Next001,KAM3738,KAM4041,ACE2_Kozak_IDT_Std_R2_Bin3 07-31-21_s1,sortseq_rep_1
I0077,NextSeq_Mid150,Next001,KAM3739,KAM4041,ACE2_Kozak_IDT_Std_R2_Bin3 07-31-21_s2,sortseq_rep_1
I0078,NextSeq_Mid150,Next001,KAM3740,KAM4041,ACE2_Kozak_IDT_Std_R2_Bin4 07-31-21_s1,sortseq_rep_1
I0079,NextSeq_Mid150,Next001,KAM3741,KAM4041,ACE2_Kozak_IDT_Std_R2_Bin4 07-31-21_s2,sortseq_rep_1
I0080,NextSeq_Mid150,Next001,KAM3742,KAM4041,ACE2_Kozak_IDT_Std_R2_Bin1 08-02-21_s1,sortseq_rep_2
I0081,NextSeq_Mid150,Next001,KAM3743,KAM4041,ACE2_Kozak_IDT_Std_R2_Bin1 08-02-21_s2,sortseq_rep_2
I0082,NextSeq_Mid150,Next001,KAM3732,KAM4042,ACE2_Kozak_IDT_Std_R2_Bin2 08-02-21_s1,sortseq_rep_2
I0083,NextSeq_Mid150,Next001,KAM3733,KAM4042,ACE2_Kozak_IDT_Std_R2_Bin2 08-02-21_s2,sortseq_rep_2
I0084,NextSeq_Mid150,Next001,KAM3734,KAM4042,ACE2_Kozak_IDT_Std_R2_Bin3 08-02-21_s1,sortseq_rep_2
I0085,NextSeq_Mid150,Next001,KAM3735,KAM4042,ACE2_Kozak_IDT_Std_R2_Bin3 08-02-21_s2,sortseq_rep_2
I0086,NextSeq_Mid150,Next001,KAM3736,KAM4042,ACE2_Kozak_IDT_Std_R2_Bin4 08-02-21_s1,sortseq_rep_2
I0087,NextSeq_Mid150,Next001,KAM3737,KAM4042,ACE2_Kozak_IDT_Std_R2_Bin4 08-02-21_s2,sortseq_rep_2
I0089,NextSeq_High,Next002,KAM3749,NS0013,KZ_Hyg_lib_Puro_Bin1,sort_seq_rep_5
I0090,NextSeq_High,Next002,KAM3750,NS0013,KZ_Hyg_lib_Puro_Bin2,sort_seq_rep_5
I0091,NextSeq_High,Next002,KAM3748,NS0014,KZ_Hyg_lib_Puro_Bin3,sort_seq_rep_5
I0092,NextSeq_High,Next002,KAM3749,NS0014,KZ_Hyg_lib_Puro_Bin4,sort_seq_rep_5
I0098,NextSeq_Hi75,Next002,KAM4041,KAM3734,ACE2_KZ_L1_puro,
I0099,NextSeq_Hi75,Next002,KAM4041,KAM3735,ACE2_KZ_L1_puro_Bin1,sort_seq_rep_3
I0100,NextSeq_Hi75,Next002,KAM4041,KAM3736,ACE2_KZ_L1_puro_Bin2,sort_seq_rep_3
I0101,NextSeq_Hi75,Next002,KAM4041,KAM3737,ACE2_KZ_L1_puro_Bin3,sort_seq_rep_3
I0102,NextSeq_Hi75,Next002,KAM4041,KAM3738,ACE2_KZ_L1_puro_Bin4,sort_seq_rep_3
I0103,NextSeq_Hi75,Next002,KAM4041,KAM3739,ACE2_KZ_L2_puro,
I0104,NextSeq_Hi75,Next002,KAM4041,KAM3740,ACE2_KZ_L2_puro_Bin1,sort_seq_rep_4
I0105,NextSeq_Hi75,Next002,KAM4041,KAM3741,ACE2_KZ_L2_puro_Bin2,sort_seq_rep_4
I0106,NextSeq_Hi75,Next002,KAM4041,KAM3742,ACE2_KZ_L2_puro_Bin3,sort_seq_rep_4
I0107,NextSeq_Hi75,Next002,KAM4041,KAM3743,ACE2_KZ_L2_puro_Bin4,sort_seq_rep_4
I0108,NextSeq_Hi75,Next002,KAM3748,KAM3732,ACE2_KZ_L1_G1074A_8ml,
I0109,NextSeq_Hi75,Next002,KAM3749,KAM3732,ACE2_KZ_L1_G1074A_32ml,
I0110,NextSeq_Hi75,Next002,KAM3748,KAM3733,ACE2_KZ_L2_G1074A_8ml,
I0111,NextSeq_Hi75,Next002,KAM3749,KAM3733,ACE2_KZ_L2_G1074A_8ml,
I0112,NextSeq_Hi75,Next002,KAM3748,KAM3734,ACE2_KZ_L1_G928A_8ml,
I0113,NextSeq_Hi75,Next002,KAM3750,KAM3732,ACE2_KZ_L1_G928A_32ml,
I0114,NextSeq_Hi75,Next002,KAM3750,KAM3733,ACE2_KZ_L2_G928A_8ml,
I0115,NextSeq_Hi75,Next002,KAM3749,KAM3734,ACE2_KZ_L2_G928A_8ml,
I0116,NextSeq_Hi75,Next002,KAM3750,KAM3734,ACE2_KZ_L1_G1074A_8ml+Hyg (250uM),
I0117,NextSeq_Hi75,Next002,KAM3748,KAM3735,ACE2_KZ_L1_G1074A_32ml+Hyg(250uM),
I0118,NextSeq_Hi75,Next002,KAM3800,KAM3732,ACE2_KZ_L2_G1074A_8ml+Hyg (250uM),
I0119,NextSeq_Hi75,Next002,KAM3800,KAM3735,ACE2_KZ_L2_G1074A_8ml+Hyg (250uM),
I0120,NextSeq_Hi75,Next002,KAM3750,KAM3735,ACE2_KZ_L1_G928A_8ml+Hyg (250uM),
I0121,NextSeq_Hi75,Next002,KAM3800,KAM3734,ACE2_KZ_L1_G928A_32ml+Hyg (250uM),
I0122,NextSeq_Hi75,Next002,KAM3800,KAM3733,ACE2_KZ_L2_G928A_8ml+Hyg (250uM),
I0123,NextSeq_Hi75,Next002,KAM3749,KAM3735,ACE2_KZ_L2_G928A_8ml+Hyg (250uM),
I0124,NextSeq_Hi75,Next002,KAM3748,KAM3736,ACE2_KZ_L1_SARS1_8ml,
I0125,NextSeq_Hi75,Next002,KAM3801,KAM3732,ACE2_KZ_L1_SARS1_32ml,
I0126,NextSeq_Hi75,Next002,KAM3801,KAM3736,ACE2_KZ_L2_SARS1_8ml,
I0127,NextSeq_Hi75,Next002,KAM3801,KAM3735,ACE2_KZ_L2_SARS1_32ml,
I0128,NextSeq_Hi75,Next002,KAM3800,KAM3736,ACE2_KZ_L1_SARS1_8ml+Hyg (250uM),
I0129,NextSeq_Hi75,Next002,KAM3801,KAM3734,ACE2_KZ_L1_SARS1_32ml+Hyg (250uM),
I0130,NextSeq_Hi75,Next002,KAM3750,KAM3736,ACE2_KZ_L2_SARS1_8ml+Hyg (250uM),
I0131,NextSeq_Hi75,Next002,KAM3801,KAM3733,ACE2_KZ_L2_SARS1_32ml+Hyg (250uM),
I0132,NextSeq_Hi75,Next002,KAM3749,KAM3736,ACE2_KZ_L1_VSVG_2ml,
I0133,NextSeq_Hi75,Next002,KAM3748,KAM3737,ACE2_KZ_L1_VSVG_8ml,
I0134,NextSeq_Hi75,Next002,KAM3802,KAM3732,ACE2_KZ_L2_VSVG_2ml,
I0135,NextSeq_Hi75,Next002,KAM3802,KAM3733,ACE2_KZ_L2_VSVG_8ml,
I0136,NextSeq_Hi75,Next002,KAM3749,KAM3737,ACE2_KZ_L1_VSVG_2ml+Hyg (250uM),
I0137,NextSeq_Hi75,Next002,KAM3802,KAM3737,ACE2_KZ_L1_VSVG_8ml+Hyg (250uM),
I0138,NextSeq_Hi75,Next002,KAM3802,KAM3734,ACE2_KZ_L2_VSVG_2ml+Hyg (250uM),
I0139,NextSeq_Hi75,Next002,KAM3750,KAM3737,ACE2_KZ_L2_VSVG_8ml+Hyg (250uM),
I0140,NextSeq_Hi75,Next002,KAM3802,KAM3735,ACE2_KZ_L1_puro_Bin1,
I0141,NextSeq_Hi75,Next002,KAM3802,KAM3736,ACE2_KZ_L2_puro_Bin4,
I0142,NextSeq_Hi75,Next002,KAM3801,KAM3737,ACE2_KZ_L1_G1074A_32ml,
I0143,NextSeq_Hi75,Next002,KAM3748,KAM3738,ACE2_KZ_L1_G928A_32ml,
I0144,NextSeq_Hi75,Next002,KAM3749,KAM3738,ACE2_KZ_L1_G1074A_8ml+Hyg (250uM),
I0145,NextSeq_Hi75,Next002,KAM3750,KAM3738,ACE2_KZ_L1_G928A_32ml+Hyg (250uM),
I0146,NextSeq_Hi75,Next002,KAM3800,KAM3738,ACE2_KZ_L2_SARS1_32ml,
I0147,NextSeq_Hi75,Next002,KAM3801,KAM3738,ACE2_KZ_L2_SARS1_32ml+Hyg (250uM),
I0148,NextSeq_Hi75,Next002,KAM3802,KAM3738,ACE2_KZ_L1_VSVG_8ml,
I0149,NextSeq_Hi75,Next002,KAM3748,KAM3739,ACE2_KZ_L2_VSVG_8ml+Hyg (250uM),
I0152,NextSeq_Hi75,Next003,KAM3748,KAM3732,ACE2_KZ mini library pool_No infection,
I0153,NextSeq_Hi75,Next003,KAM3748,KAM3733,ACE2_KZ mini library pool_SARS1_9ml,
I0154,NextSeq_Hi75,Next003,KAM3748,KAM3734,ACE2_KZ mini library pool_SARS2_9ml,
I0155,NextSeq_Hi75,Next003,KAM3748,KAM3735,ACE2_KZ mini library pool_VSVG_5ml_Hyg,
I0156,NextSeq_Hi75,Next003,KAM3748,KAM3736,ACE2_KZ mini library pool_VSVG_15ml_Hyg,
I0157,NextSeq_Hi75,Next003,KAM3748,KAM3737,ACE2_KZ mini library pool_SARS1_9ml_Hyg,
I0158,NextSeq_Hi75,Next003,KAM3748,KAM3738,ACE2_KZ mini library pool_SARS1_27ml_Hyg,
I0159,NextSeq_Hi75,Next003,KAM3748,KAM3739,ACE2_KZ mini library pool_SARS2_9ml_Hyg,
I0160,NextSeq_Hi75,Next003,KAM3748,KAM3740,ACE2_KZ mini library pool_SARS2_27ml_Hyg,
I0165,NextSeq_Hi75,Next003,KAM3749,KAM3733,ACE2_KZ mini library pool_SARS1_9ml_Hyg_technical/PCR replicate,
I0166,NextSeq_Hi75,Next003,KAM3749,KAM3734,ACE2_KZ mini library pool_SARS2_9ml_Hyg_technical/PCR replicate,
I0167,NextSeq_Hi75,Next003,KAM3749,KAM3735,ACE2_KZ mini library pool_VSVG_5ml_Hyg_technical/PCR replicate,
I0168,NextSeq_Hi75,Next003,KAM3749,KAM3736,ACE2_KZ mini library pool_No infection,
I0169,NextSeq_Hi75,Next003,KAM3749,KAM3737,ACE2_KZ mini library pool_SARS1_9ml,
I0170,NextSeq_Hi75,Next003,KAM3749,KAM3738,ACE2_KZ mini library pool_SARS1_27ml,
I0171,NextSeq_Hi75,Next003,KAM3749,KAM3739,ACE2_KZ mini library pool_VSVG_4ml_Hyg,
I0172,NextSeq_Hi75,Next003,KAM3749,KAM3740,ACE2_KZ mini library pool_VSVG_14ml_Hyg,
I0173,NextSeq_Hi75,Next003,KAM3749,KAM3741,ACE2_KZ mini library pool_SARS1_9ml_Hyg,
I0174,NextSeq_Hi75,Next003,KAM3749,KAM3742,ACE2_KZ mini library pool_SARS1_27ml_Hyg,
I0175,NextSeq_Hi75,Next003,KAM3749,KAM3743,ACE2_KZ mini library pool_SARS2_9ml_Hyg,
I0176,NextSeq_Hi75,Next003,KAM3750,KAM3732,ACE2_KZ mini library pool_SARS2_27ml_Hyg,
I0181,NextSeq_Hi75,Next003,KAM3750,KAM3737,ACE2_KZ mini library pool_SARS1_9ml_Hyg_technical/PCR replicate,
I0182,NextSeq_Hi75,Next003,KAM3750,KAM3738,ACE2_KZ mini library pool_SARS2_9ml_Hyg_technical/PCR replicate,
I0183,NextSeq_Hi75,Next003,KAM3750,KAM3739,ACE2_KZ mini library pool_VSVG_4ml_Hyg_technical/PCR replicate,
I0403,NextSeq_Hi75,Next006,KAM3748,NK080,kozak_R1_tp1_STIM1,
I0406,NextSeq_Hi75,Next006,KAM3748,NK081,kozak_R1_tp2_STIM1,
I0409,NextSeq_Hi75,Next006,KAM3749,NK080,kozak_R1_tp3_STIM1,
I0412,NextSeq_Hi75,Next006,KAM3749,NK081,kozak_R2_tp1_STIM1,
I0415,NextSeq_Hi75,Next006,KAM3750,NK080,kozak_R2_tp2_STIM1,
I0418,NextSeq_Hi75,Next006,KAM3750,NK081,kozak_R2_tp3_STIM1,
I0421,NextSeq_Hi75,Next006,KAM3800,NK080,kozak_R3_tp1_STIM1,
I0424,NextSeq_Hi75,Next006,KAM3800,NK081,kozak_R3_tp2_STIM1,
I0427,NextSeq_Hi75,Next006,KAM3801,NK080,kozak_R3_tp3_STIM1,
I0430,NextSeq_Hi75,Next006,KAM3801,NK081,kozak_R4_tp1_STIM1,
I0433,NextSeq_Hi75,Next006,KAM3802,NK080,kozak_R4_tp2_STIM1,
I0436,NextSeq_Hi75,Next006,KAM3802,NK081,kozak_R4_tp3_STIM1,